Mic,light,mQ135,temprature,humidity,situation
848,894,164,21,17,E
848,892,164,21,17,E
848,894,163,21,17,E
848,893,164,21,17,E
848,892,164,21,17,E
848,892,163,21,17,E
847,893,164,21,17,E
848,892,164,21,17,E
848,892,163,21,17,E
847,891,163,21,17,E
848,892,164,21,17,E
848,892,164,21,17,E
847,892,164,21,17,E
847,892,162,21,17,E
848,893,164,21,17,E
850,892,164,21,17,E
848,892,164,21,17,E
847,893,164,21,17,E
847,892,164,21,17,E
848,893,163,22,17,E
847,892,164,22,17,E
848,891,163,22,17,E
848,895,164,22,17,E
847,892,164,21,17,E
848,892,163,21,17,E
848,891,165,21,17,E
847,892,161,21,17,E
848,891,163,21,17,E
847,890,164,21,17,E
848,891,164,21,17,E
847,891,164,21,17,E
848,892,164,21,17,E
847,892,164,21,17,E
846,891,162,21,17,E
848,891,164,21,17,E
849,892,164,21,17,E
846,891,162,21,17,E
848,892,164,21,17,E
847,892,164,21,17,E
848,891,164,21,17,E
848,891,165,21,17,E
848,891,165,22,17,E
846,891,162,21,17,E
848,891,164,21,17,E
847,889,164,21,17,E
848,891,165,21,17,E
848,892,164,21,17,E
848,891,165,21,17,E
848,891,165,21,17,E
848,891,164,21,17,E
848,891,164,21,17,E
848,892,164,21,17,E
848,891,164,21,17,E
848,892,164,21,17,E
848,891,164,21,17,E
848,892,164,21,17,E
852,891,167,22,17,E
851,892,164,22,17,E
852,892,166,22,17,E
852,892,166,23,16,E
851,891,165,23,16,E
852,894,166,24,15,E
852,892,166,24,15,E
852,892,166,24,14,E
852,893,166,25,13,E
852,896,166,25,13,E
850,892,165,26,13,E
852,892,167,26,13,E
852,893,166,26,12,E
852,892,167,26,12,E
849,891,164,26,12,E
851,893,165,27,11,E
852,892,166,27,11,E
852,892,166,27,11,E
852,892,166,27,11,E
852,892,166,27,11,E
851,893,166,27,11,E
851,892,165,27,11,E
852,892,165,27,11,E
849,894,166,27,11,E
852,893,166,27,11,E
852,893,166,27,11,E
852,893,166,27,11,E
852,893,166,27,11,E
851,892,165,27,11,E
852,891,165,27,11,E
851,892,166,27,11,E
851,893,165,27,11,E
852,891,165,27,11,E
851,892,165,27,11,E
851,894,166,28,11,E
850,892,165,28,11,E
851,892,165,28,11,E
851,893,165,28,11,E
851,892,166,28,11,E
854,892,165,27,11,E
851,891,165,27,11,E
850,891,165,27,11,E
851,893,166,27,11,E
850,890,164,26,12,E
851,890,165,26,12,E
851,891,163,26,12,E
851,891,165,25,12,E
853,891,165,25,13,E
850,891,164,25,13,E
851,891,164,25,13,E
851,892,165,25,13,E
852,891,165,24,14,E
850,891,163,24,14,E
852,891,165,25,13,E
852,892,165,25,13,E
852,893,165,25,13,E
846,920,232,25,12,E
845,922,231,25,11,E
845,920,231,25,11,E
845,919,231,26,11,E
845,920,231,26,11,E
845,919,229,25,11,E
845,920,230,25,11,E
844,920,230,25,11,E
845,920,231,25,11,E
844,921,229,26,11,E
845,920,232,26,11,E
844,920,231,25,11,E
843,919,231,24,13,E
844,919,231,24,13,E
842,917,228,24,13,E
842,918,230,23,13,E
291,565,429,20,18,E
346,577,418,21,17,E
675,595,407,21,17,E
326,602,396,21,16,E
328,596,392,21,16,E
657,591,383,22,16,E
382,580,375,22,15,E
635,571,366,22,15,E
299,587,360,22,15,E
639,585,356,22,15,E
423,588,351,22,15,E
655,583,347,20,15,E
283,570,343,22,15,E
585,553,337,23,14,E
588,562,328,23,14,E
605,567,322,23,14,E
275,582,320,23,14,E
244,589,321,23,14,E
290,593,314,23,13,E
648,590,314,23,13,E
630,595,310,23,13,E
292,593,308,23,13,E
630,598,305,23,13,E
251,597,301,23,13,E
621,599,303,23,13,E
625,598,303,23,13,E
291,600,300,23,13,E
278,589,296,23,13,E
617,588,297,23,13,E
282,591,296,23,13,E
235,588,292,23,13,E
436,588,290,23,13,E
625,589,286,23,13,E
542,590,286,23,13,E
273,588,286,23,13,E
590,588,283,23,13,E
236,590,279,23,13,E
273,589,278,23,13,E
283,587,273,23,13,E
442,588,274,23,13,E
626,591,272,23,13,E
608,590,272,23,13,E
469,591,269,23,13,E
603,590,268,23,13,E
588,592,267,23,13,E
486,592,265,23,13,E
616,589,264,23,13,E
255,592,262,23,13,E
384,593,259,23,13,E
518,594,258,23,13,E
259,592,257,23,13,E
447,594,256,23,13,E
256,595,255,23,13,E
614,595,253,23,13,E
275,597,253,23,13,E
278,595,249,23,13,E
280,596,249,23,13,E
467,599,246,23,13,E
369,599,247,23,13,E
479,600,244,23,13,E
592,601,246,23,13,E
231,603,243,23,13,E
578,602,243,23,13,E
618,601,242,23,13,E
214,596,240,23,13,E
595,603,239,23,13,E
612,603,237,23,13,E
210,603,234,23,13,E
254,604,235,23,13,E
614,605,234,23,13,E
225,604,235,23,13,E
609,603,230,23,13,E
611,604,231,23,13,E
222,605,229,23,13,E
230,607,228,23,13,E
611,608,227,23,13,E
601,607,224,23,13,E
595,606,227,23,13,E
596,608,227,23,13,E
267,610,225,23,13,E
214,610,224,23,13,E
260,612,224,23,13,E
231,611,224,23,13,E
588,612,222,23,13,E
514,610,222,23,13,E
250,611,222,23,13,E
251,614,221,23,13,E
601,614,220,23,13,E
314,614,220,23,13,E
249,615,219,23,13,E
310,616,218,23,13,E
580,616,216,23,13,E
219,615,218,23,13,E
576,616,217,23,13,E
603,616,216,23,13,E
254,618,212,23,13,E
235,619,214,23,13,E
264,618,216,23,13,E
591,621,214,23,13,E
588,618,214,23,13,E
607,619,211,23,13,E
567,620,212,23,13,E
396,620,212,23,13,E
406,622,209,23,13,E
605,623,210,23,13,E
497,621,209,23,13,E
345,622,209,23,13,E
237,623,207,23,13,E
249,626,207,23,13,E
231,627,207,23,13,E
282,627,206,23,13,E
244,628,207,23,13,E
246,629,206,23,13,E
606,629,205,23,13,E
220,630,203,23,13,E
437,632,203,23,13,E
601,632,203,23,13,E
236,632,202,23,13,E
250,636,204,23,13,E
358,636,202,23,13,E
234,636,201,23,13,E
257,635,200,23,13,E
515,634,201,23,13,E
575,635,199,23,13,E
603,636,199,23,13,E
231,637,200,23,13,E
584,637,197,23,13,E
571,636,197,23,13,E
252,636,197,23,13,E
257,636,195,23,13,E
317,637,195,23,13,E
603,637,193,23,13,E
571,638,195,23,13,E
558,639,194,23,13,E
223,640,193,23,13,E
600,640,193,23,13,E
466,640,194,23,13,E
231,640,192,23,13,E
219,641,191,23,13,E
601,641,190,23,13,E
578,641,191,23,13,E
223,642,190,23,13,E
256,641,191,23,13,E
248,642,190,23,13,E
578,642,187,23,13,E
605,643,190,23,13,E
580,644,190,23,13,E
592,644,188,23,13,E
593,644,186,23,13,E
251,645,190,23,13,E
303,645,187,23,13,E
443,645,184,23,13,E
256,647,187,23,13,E
354,648,187,23,13,E
592,647,185,23,13,E
312,648,184,23,13,E
258,647,188,23,13,E
462,646,188,23,13,E
601,646,185,23,13,E
233,647,187,23,13,E
602,648,186,23,13,E
565,649,185,23,13,E
257,649,185,23,13,E
579,649,184,23,13,E
230,650,186,23,13,E
202,650,184,23,13,E
560,650,184,23,13,E
563,651,184,23,13,E
599,652,183,23,13,E
563,653,182,23,13,E
268,653,181,23,13,E
584,651,180,23,13,E
592,652,181,23,13,E
489,653,181,23,13,E
242,654,181,23,13,E
232,656,181,23,13,E
510,656,180,23,13,E
580,657,178,23,13,E
580,657,180,23,13,E
566,658,179,23,13,E
591,659,181,23,13,E
241,660,179,23,13,E
375,660,179,23,13,E
585,660,179,23,13,E
430,660,180,23,13,E
551,659,178,23,13,E
202,659,178,23,13,E
685,494,506,23,34,L
324,493,501,23,33,L
852,892,165,24,14,L
853,891,162,24,14,L
852,892,164,24,14,L
849,891,162,24,14,L
851,892,164,24,14,L
851,890,164,24,14,L
852,892,164,24,14,L
850,892,163,24,14,L
849,893,163,24,14,L
851,892,164,24,14,L
851,640,164,24,14,L
851,601,164,24,14,L
852,601,164,24,14,L
852,704,163,24,14,L
850,622,162,24,14,L
850,622,165,24,14,L
851,669,163,24,14,L
850,727,163,24,14,L
852,609,163,24,14,L
852,585,163,24,14,L
851,582,164,24,14,L
852,579,162,24,14,L
852,585,164,24,14,L
852,597,164,24,15,L
852,583,165,24,15,L
851,583,164,24,15,L
851,587,164,24,15,L
851,595,164,24,15,L
853,610,164,23,15,L
851,656,163,24,15,L
852,622,164,23,15,L
851,629,163,23,15,L
849,650,162,23,15,L
850,627,164,23,15,L
851,619,164,23,15,L
851,603,164,23,15,L
852,611,165,23,15,L
852,593,166,23,15,L
851,597,164,23,15,L
849,621,164,23,15,L
851,725,165,23,15,L
851,742,165,23,15,L
850,698,165,23,15,L
851,735,165,23,16,L
851,694,165,23,15,L
851,662,165,23,15,L
850,620,163,23,16,L
852,640,165,23,16,L
852,630,166,23,16,L
851,605,165,23,16,L
851,604,165,23,16,L
851,696,165,23,16,L
852,708,165,23,16,L
852,731,165,23,16,L
852,687,166,23,16,L
852,746,165,23,16,L
850,753,165,23,16,L
851,756,165,23,16,L
852,754,165,23,16,L
851,752,165,23,16,L
852,756,165,23,16,L
852,755,165,23,16,L
852,756,166,23,16,L
852,749,166,23,16,L
852,754,165,23,16,L
851,725,164,23,16,L
852,760,165,23,16,L
851,758,165,23,16,L
850,758,165,23,16,L
851,757,165,23,16,L
851,760,165,23,16,L
851,758,165,23,16,L
850,757,163,23,16,L
851,761,165,23,16,L
851,762,165,23,16,L
852,762,165,23,16,L
852,762,165,23,16,L
852,730,166,23,16,L
852,756,166,23,16,L
851,701,166,23,16,L
852,722,165,23,16,L
851,674,165,23,16,L
851,675,164,23,16,L
852,719,166,23,16,L
852,672,165,23,16,L
851,716,165,23,16,L
850,744,165,23,16,L
852,758,165,23,16,L
850,700,164,23,16,L
851,750,165,23,16,L
850,719,165,23,16,L
850,743,165,23,16,L
851,657,165,23,16,L
852,652,166,23,16,L
851,658,166,23,16,L
851,659,166,23,16,L
852,664,166,23,16,L
853,667,167,23,16,L
850,667,164,23,16,L
850,661,164,23,16,L
850,701,165,23,16,L
852,743,165,23,16,L
851,645,165,23,16,L
852,636,166,23,16,L
851,629,164,23,16,L
851,628,165,23,16,L
851,628,164,23,16,L
850,632,165,23,16,L
852,635,165,23,16,L
851,637,165,23,16,L
852,645,166,23,16,L
852,640,165,23,16,L
851,648,165,23,16,L
850,650,165,23,16,L
852,659,166,23,16,L
851,663,166,23,16,L
852,658,164,23,16,L
850,654,165,23,16,L
851,653,165,23,16,L
852,650,166,23,16,L
852,661,166,23,16,L
852,672,166,23,16,L
850,706,165,23,16,L
852,679,166,23,16,L
852,656,165,23,16,L
851,704,164,23,16,L
852,640,165,23,16,L
850,636,166,23,16,L
852,645,166,23,16,L
851,658,166,23,16,L
850,737,164,23,16,L
851,700,166,23,16,L
852,644,165,23,16,L
850,635,165,23,16,L
850,638,164,23,16,L
852,642,165,23,16,L
850,645,165,23,16,L
851,673,166,23,16,L
850,723,165,23,16,L
851,755,166,23,16,L
852,733,166,23,16,L
852,663,166,23,16,L
851,674,165,23,16,L
851,668,166,23,16,L
850,655,164,23,16,L
851,722,165,23,16,L
852,678,166,23,16,L
852,693,166,23,16,L
851,676,166,23,16,L
851,644,166,23,16,L
851,650,166,23,16,L
850,643,165,23,16,L
851,631,166,23,16,L
851,629,166,23,16,L
851,623,166,23,16,L
851,622,166,23,16,L
850,622,166,23,16,L
851,612,166,23,16,L
850,603,166,23,16,L
851,606,166,23,16,L
851,602,166,23,16,L
851,597,166,23,16,L
852,593,166,23,16,L
852,590,166,23,16,L
851,587,165,23,16,L
851,587,164,23,16,L
852,582,166,23,16,L
852,578,166,23,16,L
852,580,167,23,16,L
851,585,166,23,16,L
851,588,166,23,16,L
852,593,166,23,16,L
852,596,166,23,16,L
850,598,166,23,16,L
852,601,166,23,16,L
851,608,166,23,16,L
851,613,165,23,16,L
851,613,166,23,16,L
850,608,166,23,16,L
851,608,166,23,16,L
851,608,166,23,16,L
850,611,165,23,16,L
850,619,165,23,16,L
851,655,165,23,16,L
850,614,166,22,17,L
851,608,167,22,17,L
851,611,165,22,17,L
851,619,167,22,17,L
851,594,167,22,17,L
851,586,167,22,17,L
850,579,166,22,17,L
851,574,167,22,17,L
849,570,166,22,17,L
851,568,167,22,17,L
851,566,168,22,17,L
849,565,167,22,17,L
850,563,167,22,17,L
850,564,167,22,17,L
851,565,167,22,17,L
851,563,168,22,17,L
851,560,167,22,17,L
851,558,167,22,17,L
851,556,167,22,17,L
852,555,167,22,17,L
851,556,167,22,17,L
851,556,166,22,17,L
850,557,165,22,17,L
851,556,167,22,17,L
850,553,167,22,17,L
851,551,166,22,17,L
852,549,168,22,17,L
851,547,167,22,17,L
850,545,168,22,17,L
852,544,167,22,17,L
851,543,167,22,17,L
851,543,167,22,17,L
851,544,167,22,17,L
851,543,167,22,17,L
851,544,167,22,17,L
850,542,168,22,17,L
851,541,168,22,17,L
852,541,167,22,17,L
850,541,168,22,17,L
850,538,166,22,17,L
851,536,167,22,17,L
851,534,168,22,17,L
850,534,167,22,17,L
850,534,168,22,17,L
852,536,167,22,17,L
851,538,168,22,17,L
851,541,168,22,17,L
851,544,166,22,17,L
849,547,168,22,17,L
851,550,167,22,17,L
851,548,168,22,17,L
851,550,168,22,17,L
851,554,168,22,17,L
851,562,168,22,17,L
850,567,168,22,17,L
850,577,168,22,17,L
851,582,168,22,17,L
851,584,167,22,17,L
851,587,167,22,17,L
850,591,168,22,17,L
850,595,168,22,17,L
851,601,167,22,17,L
851,610,168,22,17,L
851,615,168,22,17,L
850,625,167,22,17,L
850,615,167,22,17,L
850,615,169,22,17,L
850,620,168,22,17,L
851,624,167,22,17,L
850,621,169,22,17,L
850,620,168,22,17,L
849,619,168,22,17,L
849,621,168,22,17,L
851,617,168,22,17,L
850,619,169,23,16,L
849,627,169,22,17,L
847,628,168,23,16,L
849,627,169,23,16,L
850,639,169,23,16,L
850,642,168,23,16,L
850,630,170,23,16,L
849,631,169,23,16,L
850,622,169,22,17,L
852,632,169,22,17,L
851,640,169,23,16,L
850,657,169,23,16,L
850,625,169,23,16,L
851,620,169,23,16,L
849,619,169,23,16,L
850,615,169,23,16,L
851,615,169,23,16,L
851,618,169,23,16,L
852,632,168,23,16,L
849,618,169,23,16,L
851,621,170,23,16,L
850,618,169,23,16,L
851,617,169,23,16,L
851,612,169,23,16,L
851,610,169,23,16,L
849,611,169,23,16,L
851,853,169,23,16,L
852,862,169,23,16,L
849,868,169,23,16,L
851,872,170,23,16,L
851,870,169,23,16,L
851,872,169,23,16,L
851,874,170,23,16,L
849,872,168,23,16,L
852,872,169,23,16,L
851,872,169,23,16,L
850,872,167,23,16,L
851,872,169,23,16,L
851,872,171,23,16,L
850,872,167,23,16,L
851,870,170,23,16,L
849,869,170,23,16,L
850,871,169,23,16,L
851,871,169,23,16,L
850,872,170,23,16,L
851,870,169,23,16,L
850,870,169,23,16,L
851,870,168,23,16,L
851,870,169,23,16,L
850,871,170,22,17,L
850,870,169,23,16,L
822,921,516,24,12,L
819,921,508,24,12,L
669,529,416,24,28,M
293,532,414,24,29,M
276,497,410,24,28,M
282,515,409,24,29,M
632,492,407,24,29,M
250,496,400,24,30,M
278,498,399,24,30,M
608,499,397,24,30,M
668,508,390,24,30,M
345,511,389,24,30,M
334,517,386,24,30,M
241,508,383,24,30,M
639,506,382,24,29,M
452,526,380,24,30,M
240,524,375,24,29,M
301,519,376,24,29,M
267,514,373,24,29,M
300,519,371,24,29,M
311,498,371,24,29,M
361,499,369,24,30,M
640,505,368,24,29,M
567,506,362,24,28,M
315,500,363,24,29,M
636,490,361,24,29,M
505,486,358,24,28,M
392,510,360,24,28,M
503,516,358,24,28,M
614,533,356,24,28,M
640,534,353,24,28,M
616,511,353,24,28,M
645,503,353,24,28,M
612,515,348,24,28,M
260,509,349,24,28,M
565,503,350,24,28,M
462,501,347,24,28,M
229,526,345,24,27,M
258,525,347,24,28,M
651,512,344,24,28,M
452,506,341,24,28,M
637,502,344,24,28,M
259,501,340,24,28,M
639,511,337,24,27,M
224,513,338,24,28,M
316,511,340,24,27,M
224,507,340,24,28,M
653,507,336,24,27,M
612,516,339,24,28,M
222,504,336,24,28,M
238,495,333,24,28,M
643,494,334,24,28,M
258,504,332,24,28,M
600,498,333,24,28,M
638,485,327,24,28,M
647,455,326,24,27,M
628,458,326,24,28,M
395,475,329,24,28,M
303,478,330,24,28,M
332,462,328,24,28,M
275,473,328,24,28,M
249,481,326,24,28,M
316,478,325,24,28,M
215,470,324,24,28,M
304,463,322,24,28,M
426,460,323,24,28,M
472,456,319,24,28,M
261,463,319,24,27,M
218,469,322,24,27,M
639,467,319,24,27,M
219,463,320,24,27,M
245,459,320,24,27,M
257,458,318,24,27,M
642,450,318,24,28,M
612,473,318,24,28,M
236,474,318,24,28,M
623,474,316,24,28,M
258,465,317,24,28,M
212,461,314,24,28,M
254,464,315,24,27,M
637,456,316,24,28,M
212,456,314,24,28,M
316,463,312,24,28,M
643,460,312,24,28,M
497,466,313,24,28,M
243,465,313,24,28,M
246,483,312,24,28,M
225,489,312,24,28,M
599,481,311,24,28,M
221,460,310,24,28,M
579,480,307,24,28,M
565,485,308,24,28,M
259,477,307,24,28,M
212,492,308,24,28,M
393,493,306,24,28,M
346,491,306,24,28,M
623,491,304,24,28,M
338,489,304,24,28,M
224,488,305,24,28,M
216,489,304,24,28,M
248,469,303,24,28,M
639,472,303,24,28,M
528,478,302,24,28,M
610,476,302,24,28,M
488,479,302,24,28,M
215,483,302,24,28,M
597,482,302,24,28,M
231,497,302,24,28,M
593,489,300,24,28,M
513,486,303,24,28,M
477,486,303,24,28,M
365,487,303,24,28,M
645,492,301,24,28,M
327,498,302,24,28,M
601,498,302,24,29,M
646,497,302,24,28,M
628,494,302,24,29,M
409,496,300,24,29,M
639,501,302,24,29,M
231,493,301,24,29,M
341,486,299,24,29,M
646,485,301,24,29,M
250,487,301,24,29,M
247,493,300,24,29,M
263,497,300,24,29,M
461,487,301,24,29,M
638,484,298,24,28,M
219,481,299,24,28,M
496,481,300,25,27,M
589,474,299,24,28,M
612,475,300,25,27,M
219,478,299,25,27,M
572,482,299,25,27,M
637,492,299,24,28,M
363,494,298,24,28,M
650,499,298,24,28,M
647,492,295,24,28,M
647,497,297,24,29,M
232,495,297,24,29,M
253,492,296,24,30,M
380,487,296,24,29,M
644,470,295,24,29,M
604,469,297,25,28,M
264,472,296,25,28,M
263,478,296,24,29,M
548,508,296,25,28,M
629,509,296,25,28,M
369,507,295,25,28,M
221,501,296,24,29,M
264,498,296,24,30,M
243,500,295,25,29,M
627,504,295,25,28,M
243,512,294,24,29,M
453,523,293,25,28,M
613,526,293,25,28,M
258,522,293,25,28,M
222,522,293,25,28,M
641,527,293,25,28,M
233,527,294,25,27,M
220,531,293,25,28,M
622,543,293,25,28,M
611,540,293,25,28,M
573,534,291,25,28,M
634,530,291,25,28,M
620,530,292,25,27,M
230,542,292,25,27,M
549,552,292,25,27,M
604,548,291,25,27,M
645,549,291,24,29,M
651,553,291,25,28,M
295,550,290,25,28,M
258,552,290,25,27,M
320,556,290,25,27,M
249,558,288,25,28,M
220,555,290,25,27,M
652,557,289,25,28,M
612,561,290,25,28,M
620,569,289,25,28,M
632,570,289,25,28,M
256,577,288,25,27,M
346,580,287,25,27,M
550,581,287,25,28,M
224,578,286,25,28,M
261,573,288,25,28,M
264,570,288,25,28,M
240,570,286,25,28,M
621,579,289,25,28,M
283,591,289,25,28,M
573,601,287,25,28,M
226,606,287,25,28,M
646,603,286,25,28,M
436,593,286,25,27,M
245,595,286,25,28,M
251,591,287,25,28,M
222,590,284,25,27,M
258,603,284,25,28,M
334,611,286,25,28,M
641,612,284,25,28,M
653,599,287,25,28,M
617,593,285,25,28,M
223,589,285,25,27,M
256,594,286,25,28,M
325,602,287,25,28,M
648,612,287,25,28,M
293,625,284,25,28,M
278,630,285,25,28,M
398,616,285,25,28,M
236,663,286,25,28,M
653,608,284,25,27,M
654,586,281,25,27,M
232,597,282,25,27,M
623,591,285,25,27,M
641,578,285,25,27,M
270,585,283,25,27,M
388,585,283,25,28,M
627,573,283,25,27,M
283,586,284,25,27,M
654,605,283,25,28,M
226,582,283,25,28,M
640,596,282,25,28,M
274,607,283,25,28,M
255,581,283,25,27,M
445,575,284,25,27,M
532,562,284,24,28,M
225,566,284,24,30,M
224,563,281,24,30,M
226,552,283,24,30,M
229,546,281,24,29,M
236,548,280,24,29,M
222,613,281,24,29,M
229,569,279,24,30,M
221,578,278,24,29,M
254,615,279,24,29,M
631,612,278,24,29,M
266,630,277,24,28,M
600,637,276,24,30,M
441,631,277,24,30,M
643,631,275,24,29,M
262,626,276,24,30,M
396,643,275,24,30,M
614,637,274,24,30,M
572,606,275,24,30,M
221,633,275,24,30,M
264,640,274,24,30,M
586,619,272,24,29,M
531,644,270,24,29,M
219,646,271,24,28,M
294,640,273,24,28,M
260,592,271,24,28,M
219,587,272,24,28,M
219,609,269,24,28,M
365,560,270,24,28,M
848,519,204,23,15,M
847,519,203,23,16,M
846,518,202,23,16,M
848,517,205,23,16,M
847,518,202,23,16,M
849,518,204,22,17,M
847,518,204,22,17,M
848,518,204,22,17,M
848,520,204,22,17,M
847,522,204,22,17,M
847,527,202,22,17,M
849,533,204,22,17,M
849,541,205,22,17,M
848,550,204,22,17,M
849,557,205,22,17,M
847,560,203,22,17,M
848,570,205,22,17,M
849,574,206,22,17,M
848,575,205,22,17,M
848,576,205,22,17,M
848,574,205,22,17,M
848,576,205,22,17,M
846,569,203,22,17,M
849,568,205,22,17,M
848,574,205,22,17,M
849,561,203,22,17,M
848,564,205,22,17,M
847,573,205,22,17,M
849,573,205,22,17,M
848,574,205,22,17,M
849,575,205,22,17,M
848,577,205,22,17,M
848,579,205,22,17,M
848,580,205,22,17,M
849,580,206,22,17,M
848,580,205,22,17,M
848,580,206,22,17,M
850,577,205,22,17,M
849,575,206,22,17,M
849,573,206,22,17,M
848,572,205,22,17,M
848,566,205,22,17,M
848,570,205,22,17,M
848,568,206,22,17,M
849,567,206,22,17,M
850,565,206,22,17,M
847,566,205,22,17,M
848,568,206,22,17,M
849,568,206,22,17,M
849,568,206,22,17,M
849,567,206,22,17,M
849,563,206,22,17,M
849,559,205,22,17,M
848,554,206,22,17,M
848,549,206,22,17,M
848,543,206,22,17,M
849,539,206,22,17,M
849,535,206,22,17,M
848,531,207,22,17,M
847,528,204,22,17,M
848,525,206,22,17,M
848,522,206,22,17,M
848,519,206,22,17,M
849,515,207,22,17,M
846,511,205,22,17,M
849,509,207,22,17,M
848,508,207,22,17,M
847,505,206,22,17,M
848,502,207,22,17,M
849,505,207,22,17,M
848,501,207,21,17,M
848,499,207,22,17,M
848,496,207,21,17,M
847,495,205,21,17,M
848,487,207,21,17,M
850,484,207,21,17,M
849,484,205,21,17,M
848,468,206,21,17,M
846,472,205,21,17,M
849,471,207,21,17,M
849,469,206,21,17,M
849,469,207,21,17,M
849,468,207,21,17,M
849,464,207,21,17,M
848,475,207,21,17,M
849,474,207,21,17,M
847,474,206,21,17,M
849,474,207,21,17,M
848,474,207,21,17,M
846,473,205,21,17,M
850,901,179,25,13,M
852,901,180,25,13,M
851,902,180,25,13,M
851,900,180,25,13,M
851,902,180,25,13,M
851,901,178,25,13,M
850,902,181,25,13,M
851,902,180,25,13,M
852,901,180,25,13,M
852,902,182,25,13,M
850,902,180,26,13,M
852,905,180,26,13,M
852,902,180,26,13,M
852,903,180,26,13,M
852,902,181,26,13,M
852,902,181,26,13,M
851,902,180,26,13,M
851,904,180,26,13,M
852,903,180,26,13,M
851,902,180,26,13,M
849,903,179,26,13,M
849,902,179,26,13,M
802,913,496,27,12,H
838,401,217,26,39,H
838,397,217,26,39,H
838,394,218,26,39,H
839,392,217,26,39,H
838,389,217,26,39,H
838,386,217,26,39,H
838,384,217,26,39,H
836,381,216,26,39,H
836,383,217,26,39,H
836,383,217,26,39,H
837,382,217,26,39,H
836,376,217,26,39,H
837,369,217,26,39,H
837,363,217,26,39,H
837,359,218,26,39,H
835,352,217,26,39,H
836,349,218,26,39,H
836,346,217,26,39,H
837,343,218,26,39,H
836,340,218,26,39,H
836,332,217,26,39,H
836,328,217,26,39,H
837,325,217,26,39,H
837,327,217,26,39,H
836,326,218,26,39,H
836,323,216,26,39,H
836,321,217,26,39,H
837,321,217,26,39,H
835,324,216,26,39,H
836,327,217,26,39,H
837,331,217,26,39,H
836,335,217,26,39,H
837,338,217,26,39,H
837,344,217,26,39,H
838,349,217,26,39,H
839,353,217,26,39,H
839,354,217,26,39,H
839,357,216,26,39,H
839,362,218,26,39,H
839,369,216,26,39,H
838,375,217,26,39,H
840,381,217,26,39,H
839,387,216,26,39,H
839,394,214,26,39,H
841,401,216,26,39,H
840,409,216,26,39,H
841,419,216,23,34,H
841,431,215,23,34,H
841,442,216,26,39,H
842,453,216,23,34,H
841,458,215,26,39,H
840,458,215,23,34,H
840,454,215,26,39,H
841,447,214,26,39,H
839,440,214,23,34,H
840,438,214,22,35,H
840,439,214,26,39,H
840,440,215,25,39,H
839,441,214,26,39,H
839,438,214,26,39,H
840,428,214,26,39,H
839,420,214,26,39,H
838,411,214,26,39,H
840,404,214,26,39,H
840,399,214,26,39,H
840,395,213,26,39,H
838,390,212,26,39,H
840,386,213,26,39,H
838,382,212,26,39,H
838,376,213,26,39,H
839,369,212,26,39,H
840,359,213,26,39,H
838,348,212,23,32,H
839,336,213,26,39,H
839,327,213,26,39,H
839,319,213,26,39,H
839,311,213,26,39,H
840,306,214,26,39,H
840,302,214,26,39,H
838,299,213,26,39,H
838,297,212,23,32,H
839,295,213,26,39,H
842,295,213,26,39,H
838,296,213,26,39,H
838,295,212,26,39,H
840,293,213,26,39,H
838,292,213,23,32,H
839,287,212,26,39,H
839,284,212,26,39,H
839,280,212,26,39,H
839,276,212,26,39,H
839,270,212,26,38,H
839,265,212,26,39,H
838,260,212,26,39,H
837,256,210,26,39,H
838,252,211,26,39,H
838,248,211,26,38,H
839,247,212,26,39,H
840,244,212,26,39,H
838,242,210,26,39,H
840,240,211,25,39,H
838,239,210,25,39,H
840,237,212,25,39,H
840,236,212,22,34,H
839,235,212,25,39,H
839,233,211,22,34,H
839,230,212,26,39,H
840,229,212,26,39,H
839,224,211,26,39,H
839,222,211,26,38,H
838,222,211,23,32,H
839,219,211,26,38,H
838,222,211,26,38,H
839,220,211,26,38,H
840,218,212,26,38,H
839,215,211,26,38,H
840,211,211,23,31,H
840,207,211,23,31,H
839,204,209,26,38,H
839,200,211,26,38,H
839,198,208,26,38,H
841,195,210,22,32,H
841,196,210,22,33,H
840,194,211,22,33,H
839,193,210,22,33,H
840,190,209,23,31,H
840,191,210,23,32,H
840,189,210,23,31,H
841,187,210,26,38,H
840,185,210,23,31,H
840,186,211,23,31,H
840,185,210,23,31,H
840,184,209,26,38,H
840,184,209,25,38,H
841,186,209,22,32,H
840,184,209,25,38,H
840,183,208,23,31,H
840,182,209,22,32,H
840,180,210,25,38,H
840,179,209,26,38,H
840,180,209,23,31,H
840,181,209,23,31,H
840,183,209,23,31,H
839,186,208,25,38,H
840,188,209,26,38,H
840,188,209,25,38,H
839,189,209,25,38,H
840,188,208,22,32,H
838,187,206,25,38,H
840,186,208,26,38,H
840,184,208,25,38,H
838,185,209,22,32,H
839,186,208,22,32,H
839,187,208,26,38,H
840,188,208,22,31,H
839,191,206,22,32,H
840,192,209,23,31,H
838,194,208,23,31,H
839,198,208,25,38,H
839,201,208,22,32,H
838,204,206,23,31,H
838,206,206,23,30,H
839,209,208,26,38,H
839,209,208,26,38,H
839,211,208,26,38,H
839,212,207,23,30,H
839,210,207,26,38,H
790,254,471,24,16,H
792,244,473,24,16,H
793,250,474,24,16,H
794,254,473,24,16,H
796,228,472,24,16,H
797,265,472,24,16,H
799,253,472,24,16,H
801,223,469,24,16,H
797,270,468,24,16,H
800,238,465,24,16,H
800,277,466,24,16,H
803,276,466,24,16,H
803,257,462,24,16,H
802,258,462,24,16,H
803,253,460,24,16,H
802,271,457,24,16,H
802,303,457,24,16,H
803,306,454,24,16,H
802,308,451,24,16,H
802,312,452,24,16,H
802,314,448,24,16,H
803,295,446,24,16,H
803,298,443,24,16,H
803,301,441,24,16,H
803,304,438,24,16,H
802,325,435,24,16,H
804,279,432,24,16,H
805,279,432,24,16,H
805,281,431,21,15,H
804,282,428,21,15,H
805,284,437,24,16,H
804,285,425,24,16,H
804,290,425,24,16,H
805,337,423,24,16,H
797,337,417,24,16,H
802,337,417,24,16,H
803,327,419,24,16,H
802,328,413,24,16,H
801,328,412,24,16,H
799,328,411,24,16,H
799,337,409,24,16,H
804,344,412,21,15,H
803,336,409,24,16,H
804,337,410,24,16,H
801,335,405,24,16,H
805,340,401,24,16,H
803,338,404,21,15,H
805,328,407,21,15,H
805,307,403,21,15,H
802,320,401,24,16,H
805,314,400,21,15,H
804,301,399,21,15,H
804,300,398,24,16,H
803,300,397,21,15,H
803,302,396,24,16,H
803,309,395,24,16,H
803,288,394,21,15,H
802,287,393,21,15,H
803,878,397,24,16,H
803,897,391,24,16,H
804,905,389,21,15,H
804,909,387,21,15,H
802,913,388,24,16,H
803,913,386,21,15,H
803,915,386,21,15,H
803,916,385,21,15,H
803,917,384,21,15,H
803,918,382,21,15,H
801,914,494,27,12,H
802,913,492,27,12,H
802,846,491,27,12,H
802,846,492,27,12,H
800,846,489,27,12,H
800,846,491,28,12,H
800,846,489,28,12,H
800,846,487,28,12,H
799,848,486,28,12,H
800,847,485,28,12,H
801,848,484,28,12,H
799,848,482,28,12,H
800,848,481,28,12,H
801,849,480,28,12,H
794,847,472,28,11,H
796,848,471,28,11,H
805,846,474,28,11,H
805,845,472,28,11,H
804,843,471,28,11,H
806,843,469,28,11,H
804,843,467,28,11,H
807,843,467,28,11,H
808,846,466,28,11,H
808,846,464,28,11,H
809,849,464,28,11,H
810,851,462,28,11,H
808,851,460,28,11,H
809,849,458,28,12,H
807,849,454,28,12,H
810,848,455,28,12,H
809,852,453,28,12,H
810,850,452,28,12,H
810,850,450,28,12,H
811,850,449,28,12,H
811,849,446,28,12,H
812,851,447,28,12,H
812,851,446,28,12,H
811,849,445,28,12,H
812,851,443,28,12,H
812,851,441,28,12,H
812,851,438,28,12,H
813,850,438,28,12,H
813,851,437,28,12,H
813,851,436,28,12,H
813,852,434,28,12,H
814,853,434,28,12,H
814,853,433,28,12,H
815,857,432,28,12,H
815,853,430,28,12,H
816,855,429,28,12,H
815,855,427,28,12,H
814,854,426,28,12,H
816,854,425,28,12,H
816,854,424,28,12,H
817,854,424,28,12,H
815,853,423,28,12,H
818,855,422,28,12,H
817,854,421,28,12,H
817,852,420,28,12,H
818,853,418,28,12,H
818,855,418,28,12,H
818,855,417,28,12,H
818,853,416,28,12,H
819,854,415,28,12,H
819,853,414,28,12,H
818,851,412,28,12,H
818,852,412,28,12,H
820,851,411,29,11,H
819,851,410,28,12,H
818,851,410,28,12,H
818,851,408,28,12,H
819,850,409,28,12,H
820,852,409,28,12,H
819,851,407,28,12,H
820,852,408,28,12,H
820,852,407,28,12,H
819,853,406,29,11,H
820,852,405,29,11,H
821,852,404,28,12,H
819,852,403,29,11,H
819,853,402,28,12,H
818,852,401,28,12,H
818,853,399,28,12,H
820,853,400,28,12,H
820,852,399,29,11,H
821,852,399,28,12,H
821,853,398,28,12,H
821,854,398,28,12,H
822,854,398,29,11,H
820,855,395,28,12,H
821,856,396,29,11,H
820,855,395,28,12,H
822,856,395,28,12,H
821,855,395,28,12,H
821,855,392,28,12,H
823,854,394,28,12,H
821,857,393,28,12,H
821,854,393,28,12,H
